"Date","Price","Open","High","Low","Vol.","Change %"
"2026/04/08","4,762.18","4,835.42","4,856.00","4,733.10","","-1.48%"
"2026/04/07","4,833.63","4,660.00","4,835.95","4,607.30","","3.93%"
"2026/04/06","4,650.89","4,653.83","4,706.67","4,601.08","","0.87%"
"2026/04/05","4,610.62","4,648.31","4,670.74","4,605.25","","-1.41%"
"2026/04/03","4,676.42","4,676.42","4,676.42","4,676.42","","0.00%"
"2026/04/02","4,676.42","4,758.78","4,801.00","4,553.94","","-1.73%"
"2026/04/01","4,758.76","4,672.02","4,793.35","4,661.66","","1.86%"
"2026/03/31","4,672.01","4,511.95","4,687.54","4,482.80","","3.56%"
"2026/03/30","4,511.25","4,493.00","4,581.62","4,419.81","","0.41%"
"2026/03/27","4,492.99","4,390.14","4,556.15","4,375.49","","2.58%"
"2026/03/26","4,380.03","4,511.80","4,544.46","4,350.78","","-2.81%"
"2026/03/25","4,506.55","4,473.51","4,602.64","4,456.13","","0.72%"
"2026/03/24","4,474.44","4,413.83","4,484.27","4,306.15","","1.52%"
"2026/03/23","4,407.62","4,491.66","4,536.32","4,098.87","","-1.86%"
"2026/03/20","4,491.15","4,649.68","4,736.16","4,477.82","","-3.45%"
"2026/03/19","4,651.73","4,825.59","4,867.56","4,503.08","","-3.47%"
"2026/03/18","4,818.81","5,006.76","5,017.54","4,806.80","","-3.74%"
"2026/03/17","5,006.00","5,006.18","5,044.84","4,973.75","","-0.01%"
"2026/03/16","5,006.43","5,019.26","5,038.38","4,967.50","","-0.26%"
"2026/03/13","5,019.25","5,080.70","5,129.13","5,009.51","","-1.20%"
"2026/03/12","5,080.07","5,177.38","5,194.79","5,054.67","","-1.87%"
"2026/03/11","5,177.07","5,189.84","5,223.62","5,149.95","","-0.31%"
"2026/03/10","5,192.94","5,139.30","5,238.70","5,117.84","","1.04%"
"2026/03/09","5,139.56","5,180.45","5,199.37","5,014.73","","-0.61%"
"2026/03/06","5,171.12","5,077.43","5,175.06","5,062.89","","1.85%"
"2026/03/05","5,077.39","5,135.96","5,196.15","5,050.84","","-1.14%"
"2026/03/04","5,135.92","5,087.96","5,206.36","5,083.45","","0.95%"
"2026/03/03","5,087.47","5,327.55","5,380.41","4,996.19","","-4.50%"
"2026/03/02","5,327.42","5,301.75","5,419.25","5,261.37","","0.94%"
"2026/02/27","5,277.90","5,187.61","5,279.56","5,166.54","","1.75%"
"2026/02/26","5,187.26","5,171.00","5,205.90","5,130.73","","0.31%"
"2026/02/25","5,171.16","5,148.27","5,218.16","5,127.21","","0.45%"
"2026/02/24","5,148.18","5,231.55","5,249.96","5,094.50","","-1.59%"
"2026/02/23","5,231.55","5,102.84","5,238.14","5,102.38","","2.49%"
"2026/02/20","5,104.34","4,999.34","5,105.45","4,981.38","","2.10%"
"2026/02/19","4,999.35","4,979.45","5,022.36","4,960.47","","0.40%"
"2026/02/18","4,979.45","4,877.71","5,011.07","4,854.15","","2.09%"
"2026/02/17","4,877.70","4,992.48","5,001.10","4,842.50","","-2.30%"
"2026/02/16","4,992.37","5,040.75","5,041.65","4,966.64","","-1.01%"
"2026/02/13","5,043.11","4,920.27","5,047.93","4,888.71","","2.50%"
"2026/02/12","4,920.32","5,079.04","5,100.25","4,879.05","","-3.12%"
"2026/02/11","5,078.96","5,023.46","5,119.24","5,020.68","","1.10%"
"2026/02/10","5,023.47","5,065.32","5,078.84","4,987.54","","-0.83%"
"2026/02/09","5,065.55","4,960.97","5,086.85","4,960.17","","2.10%"
"2026/02/06","4,961.15","4,770.55","4,971.99","4,655.49","","3.99%"
"2026/02/05","4,770.95","4,963.74","5,024.12","4,760.05","","-3.88%"
"2026/02/04","4,963.60","4,939.34","5,092.68","4,854.81","","0.49%"
"2026/02/03","4,939.33","4,665.16","4,994.28","4,648.50","","5.85%"
"2026/02/02","4,666.27","4,799.72","4,885.08","4,404.12","","-4.09%"
"2026/01/30","4,865.35","5,395.58","5,451.20","4,681.94","","-9.83%"
"2026/01/29","5,395.88","5,399.91","5,595.46","5,110.73","","-0.08%"
"2026/01/28","5,400.25","5,189.63","5,401.62","5,157.35","","4.06%"
"2026/01/27","5,189.62","5,014.85","5,190.56","5,006.20","","3.47%"
"2026/01/26","5,015.34","5,007.11","5,111.40","4,989.85","","0.65%"
"2026/01/23","4,982.91","4,936.75","4,989.93","4,899.72","","0.94%"
"2026/01/22","4,936.75","4,836.95","4,941.25","4,772.38","","2.07%"
"2026/01/21","4,836.67","4,763.53","4,888.22","4,755.70","","1.54%"
"2026/01/20","4,763.49","4,671.02","4,766.46","4,659.34","","1.98%"
"2026/01/19","4,671.02","4,630.80","4,690.80","4,629.80","","1.65%"
"2026/01/16","4,595.10","4,614.90","4,621.27","4,537.15","","-0.43%"
"2026/01/15","4,614.91","4,620.83","4,632.65","4,581.05","","-0.13%"
"2026/01/14","4,620.83","4,588.05","4,643.06","4,585.32","","0.72%"
"2026/01/13","4,588.00","4,593.89","4,634.76","4,569.45","","-0.13%"
"2026/01/12","4,594.00","4,519.45","4,630.47","4,513.57","","1.85%"
"2026/01/09","4,510.45","4,476.71","4,517.40","4,452.62","","0.75%"
"2026/01/08","4,476.73","4,453.04","4,479.80","4,407.48","","0.53%"
"2026/01/07","4,453.04","4,497.33","4,500.65","4,423.47","","-0.99%"
"2026/01/06","4,497.34","4,448.56","4,497.54","4,427.25","","1.10%"
"2026/01/05","4,448.47","4,356.12","4,456.05","4,345.88","","2.72%"
"2026/01/02","4,330.50","4,333.00","4,402.53","4,310.01","","-0.41%"
"2026/01/01","4,348.35","4,329.42","4,351.65","4,324.42","","0.77%"
"2025/12/31","4,315.09","4,346.47","4,373.89","4,274.51","","-0.72%"
"2025/12/30","4,346.51","4,332.09","4,404.51","4,323.33","","0.33%"
"2025/12/29","4,332.08","4,540.70","4,550.10","4,303.75","","-4.42%"
"2025/12/26","4,532.63","4,479.64","4,550.11","4,475.10","","0.83%"
"2025/12/25","4,495.35","4,487.10","4,500.35","4,483.59","","0.35%"
"2025/12/24","4,479.64","4,488.81","4,525.71","4,448.27","","-0.20%"
"2025/12/23","4,488.82","4,445.62","4,499.87","4,429.92","","0.96%"
"2025/12/22","4,445.95","4,338.98","4,449.60","4,337.90","","2.48%"
"2025/12/19","4,338.55","4,332.33","4,356.65","4,309.01","","0.14%"
"2025/12/18","4,332.40","4,341.06","4,374.69","4,308.60","","-0.20%"
"2025/12/17","4,341.08","4,303.80","4,349.13","4,301.27","","0.87%"
"2025/12/16","4,303.80","4,302.58","4,335.16","4,271.34","","0.03%"
"2025/12/15","4,302.70","4,299.00","4,350.50","4,285.21","","0.01%"
"2025/12/12","4,302.43","4,283.26","4,353.72","4,257.60","","0.45%"
"2025/12/11","4,283.28","4,228.53","4,286.24","4,203.98","","1.29%"
"2025/12/10","4,228.55","4,209.56","4,239.10","4,181.68","","0.45%"
"2025/12/09","4,209.54","4,189.00","4,221.67","4,170.00","","0.49%"
"2025/12/08","4,189.05","4,197.19","4,219.31","4,176.34","","-0.19%"
"2025/12/05","4,197.13","4,208.69","4,259.55","4,191.95","","-0.27%"
"2025/12/04","4,208.69","4,206.15","4,219.46","4,174.60","","0.06%"
"2025/12/03","4,206.22","4,208.14","4,242.00","4,194.39","","-0.05%"
"2025/12/02","4,208.14","4,232.72","4,236.28","4,163.01","","-0.58%"
"2025/12/01","4,232.73","4,223.93","4,264.74","4,205.87","","0.05%"
"2025/11/28","4,230.63","4,157.57","4,231.51","4,157.15","","1.76%"
"2025/11/27","4,157.57","4,164.53","4,169.00","4,142.57","","-0.17%"
"2025/11/26","4,164.59","4,131.15","4,173.70","4,128.99","","0.81%"
"2025/11/25","4,131.15","4,139.66","4,159.45","4,109.72","","-0.21%"
"2025/11/24","4,139.70","4,066.47","4,140.13","4,040.03","","1.82%"
"2025/11/21","4,065.90","4,077.54","4,101.37","4,022.70","","-0.28%"
"2025/11/20","4,077.50","4,081.66","4,110.17","4,038.73","","-0.10%"
"2025/11/19","4,081.66","4,067.86","4,133.04","4,055.23","","0.34%"
"2025/11/18","4,067.88","4,044.61","4,082.69","3,997.99","","0.58%"
"2025/11/17","4,044.61","4,082.02","4,106.85","4,006.83","","-0.86%"
"2025/11/14","4,079.58","4,171.47","4,211.68","4,032.32","","-2.20%"
"2025/11/13","4,171.46","4,198.75","4,245.20","4,145.41","","-0.65%"
"2025/11/12","4,198.73","4,126.68","4,211.96","4,098.76","","1.75%"
"2025/11/11","4,126.68","4,115.91","4,149.20","4,097.09","","0.26%"
"2025/11/10","4,115.90","3,999.94","4,116.26","3,997.87","","2.90%"
"2025/11/07","3,999.72","3,977.92","4,027.63","3,974.41","","0.55%"
"2025/11/06","3,977.87","3,982.59","4,019.84","3,964.46","","-0.12%"
"2025/11/05","3,982.62","3,932.06","3,990.60","3,929.61","","1.29%"
"2025/11/04","3,932.05","4,001.67","4,006.00","3,928.66","","-1.74%"
"2025/11/03","4,001.67","4,002.28","4,030.70","3,962.85","","-0.02%"
"2025/10/31","4,002.28","4,024.37","4,046.00","3,972.45","","-0.55%"
"2025/10/30","4,024.47","3,931.15","4,027.44","3,915.17","","2.39%"
"2025/10/29","3,930.38","3,952.52","4,030.40","3,917.12","","-0.56%"
"2025/10/28","3,952.58","3,983.41","4,020.11","3,886.49","","-0.73%"
"2025/10/27","3,981.59","4,065.35","4,109.33","3,971.34","","-3.17%"
"2025/10/24","4,112.10","4,127.13","4,144.70","4,044.70","","-0.34%"
"2025/10/23","4,126.17","4,095.57","4,154.96","4,065.49","","0.78%"
"2025/10/22","4,094.07","4,123.10","4,161.65","4,004.69","","-0.75%"
"2025/10/21","4,125.10","4,355.55","4,375.59","4,086.47","","-5.31%"
"2025/10/20","4,356.50","4,251.82","4,381.60","4,218.81","","2.51%"
"2025/10/17","4,249.98","4,328.75","4,379.44","4,186.91","","-1.76%"
"2025/10/16","4,326.18","4,209.81","4,330.91","4,199.60","","2.79%"
"2025/10/15","4,208.58","4,144.40","4,218.42","4,140.45","","1.60%"
"2025/10/14","4,142.31","4,108.98","4,180.39","4,090.49","","0.77%"
"2025/10/13","4,110.70","4,018.79","4,117.14","4,008.80","","2.30%"
"2025/10/10","4,018.30","3,977.58","4,022.96","3,946.80","","1.06%"
"2025/10/09","3,976.29","4,042.69","4,058.09","3,944.80","","-1.55%"
"2025/10/08","4,038.90","3,983.82","4,059.34","3,982.86","","1.38%"
"2025/10/07","3,983.82","3,962.48","3,991.18","3,940.75","","0.57%"
"2025/10/06","3,961.09","3,888.45","3,970.24","3,883.93","","1.91%"
"2025/10/03","3,886.83","3,857.92","3,891.85","3,838.05","","0.79%"
"2025/10/02","3,856.53","3,866.66","3,897.20","3,819.51","","-0.24%"
"2025/10/01","3,865.80","3,858.84","3,895.45","3,853.44","","0.19%"
"2025/09/30","3,858.51","3,833.84","3,871.87","3,793.18","","0.64%"
"2025/09/29","3,833.93","3,758.59","3,834.58","3,757.62","","1.96%"
"2025/09/26","3,760.24","3,748.18","3,783.88","3,734.58","","0.29%"
"2025/09/25","3,749.37","3,736.67","3,761.66","3,722.04","","0.35%"
"2025/09/24","3,736.29","3,765.78","3,779.54","3,717.30","","-0.74%"
"2025/09/23","3,764.19","3,746.47","3,791.11","3,736.73","","0.47%"
"2025/09/22","3,746.47","3,686.80","3,749.25","3,683.62","","1.67%"
"2025/09/19","3,684.98","3,645.04","3,686.33","3,632.28","","1.11%"
"2025/09/18","3,644.36","3,659.40","3,673.18","3,627.89","","-0.43%"
"2025/09/17","3,660.04","3,691.80","3,707.70","3,645.44","","-0.81%"
"2025/09/16","3,689.80","3,678.84","3,703.23","3,674.66","","0.29%"
"2025/09/15","3,679.13","3,644.40","3,685.65","3,626.60","","0.99%"
"2025/09/12","3,643.13","3,635.01","3,656.86","3,630.48","","0.25%"
"2025/09/11","3,634.09","3,642.60","3,649.27","3,614.01","","-0.18%"
"2025/09/10","3,640.74","3,629.05","3,657.77","3,619.58","","0.39%"
"2025/09/09","3,626.48","3,637.10","3,674.75","3,625.33","","-0.26%"
"2025/09/08","3,635.84","3,586.82","3,646.60","3,579.67","","1.37%"
"2025/09/05","3,586.81","3,547.00","3,600.33","3,540.05","","1.15%"
"2025/09/04","3,546.17","3,560.57","3,564.45","3,511.19","","-0.37%"
"2025/09/03","3,559.43","3,535.69","3,578.80","3,526.26","","0.73%"
"2025/09/02","3,533.73","3,478.36","3,540.64","3,470.20","","1.65%"
"2025/09/01","3,476.47","3,448.00","3,490.06","3,436.80","","0.83%"
"2025/08/29","3,448.00","3,418.20","3,454.08","3,404.29","","0.90%"
"2025/08/28","3,417.20","3,394.18","3,423.36","3,384.46","","0.58%"
"2025/08/27","3,397.42","3,392.88","3,398.94","3,373.76","","0.13%"
"2025/08/26","3,392.88","3,366.78","3,394.33","3,351.26","","0.77%"
"2025/08/25","3,366.79","3,371.23","3,376.47","3,359.69","","-0.16%"
"2025/08/22","3,372.11","3,338.76","3,379.01","3,321.49","","1.00%"
"2025/08/21","3,338.81","3,347.38","3,353.25","3,325.27","","-0.25%"
"2025/08/20","3,347.11","3,315.46","3,350.50","3,311.46","","0.95%"
"2025/08/19","3,315.46","3,332.38","3,345.46","3,314.88","","-0.45%"
"2025/08/18","3,330.55","3,338.00","3,358.50","3,323.52","","-0.15%"
"2025/08/15","3,335.39","3,336.50","3,349.02","3,332.16","","-0.03%"
"2025/08/14","3,336.50","3,354.73","3,374.97","3,329.85","","-0.54%"
"2025/08/13","3,354.73","3,346.20","3,370.90","3,342.65","","0.25%"
"2025/08/12","3,346.20","3,342.64","3,359.27","3,331.03","","0.04%"
"2025/08/11","3,344.83","3,398.50","3,405.10","3,340.82","","-1.59%"
"2025/08/08","3,398.78","3,397.28","3,408.83","3,379.61","","0.04%"
"2025/08/07","3,397.31","3,366.11","3,402.71","3,364.77","","0.84%"
"2025/08/06","3,369.04","3,379.69","3,385.47","3,358.26","","-0.36%"
"2025/08/05","3,381.27","3,373.38","3,390.62","3,349.89","","0.23%"
"2025/08/04","3,373.37","3,365.10","3,385.56","3,345.00","","0.31%"
"2025/08/01","3,362.88","3,290.83","3,363.55","3,281.55","","2.21%"
"2025/07/31","3,290.32","3,275.91","3,314.98","3,273.77","","0.46%"
"2025/07/30","3,275.25","3,324.01","3,334.21","3,268.15","","-1.55%"
"2025/07/29","3,326.84","3,316.54","3,334.21","3,307.95","","0.37%"
"2025/07/28","3,314.64","3,335.00","3,345.56","3,301.66","","-0.68%"
"2025/07/25","3,337.18","3,369.29","3,373.73","3,325.05","","-0.92%"
"2025/07/24","3,368.15","3,387.79","3,393.47","3,351.40","","-0.58%"
"2025/07/23","3,387.78","3,431.26","3,439.09","3,381.45","","-1.27%"
"2025/07/22","3,431.50","3,395.81","3,433.56","3,383.29","","1.05%"
"2025/07/21","3,395.80","3,348.62","3,401.85","3,344.48","","1.36%"
"2025/07/18","3,350.40","3,338.76","3,361.41","3,331.75","","0.34%"
"2025/07/17","3,338.95","3,346.59","3,352.50","3,309.90","","-0.23%"
"2025/07/16","3,346.58","3,322.63","3,377.50","3,319.69","","0.72%"
"2025/07/15","3,322.63","3,343.80","3,366.58","3,320.27","","-0.63%"
"2025/07/14","3,343.80","3,355.91","3,374.94","3,341.10","","-0.36%"
"2025/07/11","3,355.91","3,325.63","3,368.89","3,321.37","","0.99%"
"2025/07/10","3,323.07","3,313.70","3,330.47","3,310.23","","0.28%"
"2025/07/09","3,313.72","3,298.73","3,317.05","3,282.80","","0.39%"
"2025/07/08","3,300.70","3,335.99","3,345.94","3,287.17","","-1.05%"
"2025/07/07","3,335.61","3,335.95","3,343.29","3,296.41","","-0.03%"
"2025/07/04","3,336.64","3,326.44","3,345.15","3,323.59","","0.30%"
"2025/07/03","3,326.57","3,357.36","3,365.81","3,311.70","","-0.92%"
"2025/07/02","3,357.36","3,338.36","3,360.08","3,327.60","","0.54%"
"2025/07/01","3,339.21","3,302.87","3,358.09","3,301.52","","1.08%"
"2025/06/30","3,303.69","3,272.65","3,309.58","3,247.86","","0.90%"
"2025/06/27","3,274.25","3,328.06","3,328.88","3,255.72","","-1.62%"
"2025/06/26","3,328.06","3,332.47","3,350.47","3,310.01","","-0.13%"
"2025/06/25","3,332.46","3,324.20","3,337.23","3,312.00","","0.25%"
"2025/06/24","3,324.20","3,368.79","3,371.01","3,295.38","","-1.33%"
"2025/06/23","3,368.88","3,367.17","3,399.25","3,347.25","","0.02%"
"2025/06/20","3,368.23","3,370.82","3,374.63","3,340.38","","-0.07%"
"2025/06/19","3,370.75","3,369.08","3,388.07","3,347.59","","0.05%"
"2025/06/18","3,369.09","3,390.40","3,400.05","3,362.54","","-0.58%"
"2025/06/17","3,388.74","3,383.20","3,403.39","3,366.25","","0.16%"
"2025/06/16","3,383.20","3,431.54","3,451.62","3,382.40","","-1.44%"
"2025/06/13","3,432.64","3,385.30","3,447.02","3,379.79","","1.40%"
"2025/06/12","3,385.29","3,357.24","3,399.16","3,338.64","","0.94%"
"2025/06/11","3,353.84","3,322.52","3,360.82","3,315.23","","0.93%"
"2025/06/10","3,323.02","3,328.58","3,349.28","3,301.92","","-0.16%"
"2025/06/09","3,328.33","3,311.51","3,338.43","3,293.70","","0.55%"
"2025/06/06","3,310.17","3,354.26","3,375.74","3,306.87","","-1.31%"
"2025/06/05","3,354.16","3,376.55","3,403.55","3,339.20","","-0.66%"
"2025/06/04","3,376.54","3,352.56","3,384.84","3,343.76","","0.72%"
"2025/06/03","3,352.25","3,379.99","3,392.53","3,333.08","","-0.83%"
"2025/06/02","3,380.21","3,289.80","3,383.24","3,289.41","","2.76%"
"2025/05/30","3,289.40","3,319.51","3,322.95","3,271.55","","-0.83%"
"2025/05/29","3,317.02","3,286.36","3,330.94","3,245.55","","0.83%"
"2025/05/28","3,289.76","3,300.70","3,325.68","3,276.31","","-0.33%"
"2025/05/27","3,300.68","3,344.00","3,350.21","3,285.70","","-1.26%"
"2025/05/26","3,342.94","3,354.30","3,357.03","3,323.91","","-0.43%"
"2025/05/23","3,357.42","3,297.15","3,366.39","3,287.24","","1.89%"
"2025/05/22","3,295.00","3,316.49","3,345.62","3,279.55","","-0.60%"
"2025/05/21","3,314.99","3,290.12","3,325.14","3,285.51","","0.76%"
"2025/05/20","3,290.12","3,229.85","3,295.98","3,204.40","","1.87%"
"2025/05/19","3,229.85","3,214.60","3,249.91","3,205.98","","0.85%"
"2025/05/16","3,202.77","3,239.11","3,252.27","3,154.32","","-1.18%"
"2025/05/15","3,240.87","3,178.06","3,241.26","3,120.52","","1.95%"
"2025/05/14","3,178.75","3,248.37","3,257.39","3,167.95","","-2.15%"
"2025/05/13","3,248.47","3,233.40","3,265.44","3,215.96","","0.43%"
"2025/05/12","3,234.70","3,324.98","3,325.42","3,207.67","","-2.70%"
"2025/05/09","3,324.63","3,305.51","3,347.64","3,274.94","","0.58%"
"2025/05/08","3,305.52","3,366.95","3,414.96","3,288.80","","-1.77%"
"2025/05/07","3,365.21","3,430.21","3,438.59","3,360.20","","-1.89%"
"2025/05/06","3,430.21","3,336.39","3,435.17","3,322.98","","2.87%"
"2025/05/05","3,334.50","3,240.00","3,337.81","3,237.81","","2.89%"
"2025/05/02","3,240.88","3,238.55","3,269.49","3,222.75","","0.00%"
"2025/05/01","3,241.00","3,288.55","3,290.94","3,202.09","","-1.45%"
"2025/04/30","3,288.59","3,316.92","3,328.36","3,267.09","","-0.86%"
"2025/04/29","3,317.18","3,341.67","3,349.08","3,299.23","","-0.73%"
"2025/04/28","3,341.67","3,328.40","3,353.33","3,267.81","","0.67%"
"2025/04/25","3,319.45","3,347.20","3,371.15","3,265.25","","-0.89%"
"2025/04/24","3,349.10","3,288.43","3,367.59","3,287.77","","1.85%"
"2025/04/23","3,288.26","3,382.55","3,386.89","3,260.50","","-2.79%"
"2025/04/22","3,382.54","3,421.57","3,500.33","3,366.74","","-1.22%"
"2025/04/21","3,424.30","3,334.41","3,430.93","3,327.82","","2.91%"
"2025/04/17","3,327.54","3,344.41","3,358.00","3,283.87","","-0.47%"
"2025/04/16","3,343.22","3,226.25","3,345.19","3,226.25","121.32K","3.58%"
"2025/04/15","3,227.60","3,210.21","3,234.16","3,209.36","121.32K","0.57%"
"2025/04/14","3,209.28","3,237.35","3,245.84","3,193.41","","-0.83%"
"2025/04/11","3,236.21","3,174.14","3,245.69","3,174.14","","1.96%"
"2025/04/10","3,173.92","3,083.75","3,176.94","3,071.03","","2.98%"
"2025/04/09","3,082.18","2,984.08","3,099.87","2,970.01","","3.30%"
"2025/04/08","2,983.78","2,983.39","3,022.84","2,974.45","","0.04%"
"2025/04/07","2,982.54","3,038.02","3,055.88","2,956.60","","-1.80%"
"2025/04/04","3,037.36","3,113.16","3,137.10","3,015.64","","-2.42%"
"2025/04/03","3,112.83","3,134.16","3,168.04","3,054.19","","-0.66%"
"2025/04/02","3,133.57","3,111.00","3,140.36","3,104.81","","0.74%"
"2025/04/01","3,110.55","3,123.36","3,149.11","3,100.85","","-0.40%"
"2025/03/31","3,123.05","3,086.54","3,128.29","3,076.62","","1.27%"
"2025/03/28","3,084.03","3,056.35","3,086.93","3,053.91","","0.91%"
"2025/03/27","3,056.10","3,019.56","3,059.75","3,017.26","","1.22%"
"2025/03/26","3,019.29","3,020.13","3,032.23","3,012.38","","-0.02%"
"2025/03/25","3,019.85","3,012.40","3,035.94","3,007.53","","0.25%"
"2025/03/24","3,012.27","3,023.03","3,033.44","3,002.34","","-0.38%"
"2025/03/21","3,023.63","3,042.60","3,047.66","2,999.46","","-0.68%"
"2025/03/20","3,044.41","3,046.31","3,057.51","3,025.56","","-0.09%"
"2025/03/19","3,047.18","3,032.20","3,052.30","3,022.73","","0.44%"
"2025/03/18","3,033.95","2,999.11","3,038.45","2,999.11","","1.08%"
"2025/03/17","3,001.47","2,985.80","3,002.23","2,982.13","","0.57%"
"2025/03/14","2,984.42","2,988.38","3,005.08","2,978.41","","-0.11%"
"2025/03/13","2,987.75","2,932.66","2,989.64","2,932.03","","1.90%"
"2025/03/12","2,932.06","2,916.85","2,940.83","2,906.19","","0.55%"
"2025/03/11","2,916.04","2,888.72","2,922.22","2,880.34","","0.92%"
"2025/03/10","2,889.40","2,912.17","2,918.50","2,880.30","","-0.73%"
"2025/03/07","2,910.79","2,910.48","2,930.56","2,896.71","","0.03%"
"2025/03/06","2,909.99","2,918.98","2,926.88","2,891.34","","-0.30%"
"2025/03/05","2,918.84","2,917.59","2,929.94","2,894.19","","0.05%"
"2025/03/04","2,917.49","2,894.05","2,928.15","2,881.81","","0.82%"
"2025/03/03","2,893.71","2,856.71","2,895.45","2,855.63","","1.23%"
"2025/02/28","2,858.60","2,877.66","2,885.34","2,832.63","","-0.61%"
"2025/02/27","2,876.19","2,916.80","2,920.96","2,867.86","","-1.37%"
"2025/02/26","2,916.19","2,915.42","2,930.22","2,890.99","","0.04%"
"2025/02/25","2,915.12","2,951.82","2,954.44","2,888.06","","-1.22%"
"2025/02/24","2,951.19","2,936.41","2,956.37","2,920.77","","0.52%"
"2025/02/21","2,936.03","2,939.00","2,950.01","2,916.70","","-0.09%"
"2025/02/20","2,938.70","2,932.81","2,954.97","2,924.20","","0.21%"
"2025/02/19","2,932.64","2,935.73","2,947.23","2,918.50","","-0.10%"
"2025/02/18","2,935.58","2,897.51","2,937.46","2,891.94","","1.31%"
"2025/02/17","2,897.66","2,883.55","2,906.69","2,887.20","","0.50%"
"2025/02/14","2,883.18","2,929.19","2,940.23","2,876.96","","-1.57%"
"2025/02/13","2,929.03","2,904.10","2,929.74","2,900.20","","0.87%"
"2025/02/12","2,903.66","2,898.90","2,909.16","2,864.01","","0.18%"
"2025/02/11","2,898.34","2,907.47","2,943.25","2,881.76","","-0.31%"
"2025/02/10","2,907.34","2,864.08","2,911.60","2,854.69","","1.64%"
"2025/02/07","2,860.39","2,856.60","2,886.96","2,852.55","","0.14%"
"2025/02/06","2,856.50","2,865.26","2,873.74","2,834.40","","-0.30%"
"2025/02/05","2,865.09","2,842.06","2,882.53","2,839.32","","0.81%"
"2025/02/04","2,841.94","2,814.80","2,845.57","2,806.90","","1.01%"
"2025/02/03","2,813.49","2,801.40","2,831.70","2,771.69","","0.45%"
"2025/01/31","2,801.00","2,794.04","2,817.57","2,790.78","","0.25%"
"2025/01/30","2,793.88","2,757.90","2,798.80","2,757.24","","1.31%"
"2025/01/29","2,757.71","2,763.48","2,766.53","2,744.71","","-0.20%"
"2025/01/28","2,763.11","2,742.57","2,765.18","2,734.68","","0.80%"
"2025/01/27","2,741.10","2,770.70","2,773.02","2,729.80","","-1.09%"
"2025/01/24","2,771.30","2,754.06","2,786.04","2,752.56","","0.64%"
"2025/01/23","2,753.69","2,755.96","2,759.06","2,735.85","","-0.05%"
"2025/01/22","2,755.02","2,745.08","2,763.72","2,741.83","121.32K","0.39%"
"2025/01/21","2,744.39","2,709.01","2,746.88","2,702.49","121.32K","1.34%"
"2025/01/20","2,708.06","2,702.51","2,714.40","2,689.32","121.32K","0.24%"
"2025/01/17","2,701.55","2,713.85","2,717.73","2,698.41","121.32K","-0.45%"
"2025/01/16","2,713.77","2,695.96","2,724.86","2,690.00","121.32K","0.67%"
"2025/01/15","2,695.82","2,677.29","2,697.85","2,669.04","121.32K","0.70%"
"2025/01/14","2,677.16","2,662.53","2,678.44","2,659.79","121.32K","0.56%"
"2025/01/13","2,662.12","2,689.35","2,693.77","2,656.73","121.32K","-1.02%"
"2025/01/10","2,689.63","2,670.74","2,698.57","2,663.65","121.32K","0.73%"
"2025/01/09","2,670.19","2,662.20","2,675.42","2,662.35","121.32K","0.31%"
"2025/01/08","2,662.06","2,649.85","2,670.60","2,645.03","121.32K","0.47%"
"2025/01/07","2,649.49","2,636.02","2,664.54","2,632.57","","0.54%"
"2025/01/06","2,635.33","2,641.00","2,649.62","2,614.60","","-0.14%"
"2025/01/03","2,639.12","2,657.29","2,665.47","2,636.40","","-0.68%"
"2025/01/02","2,657.16","2,626.60","2,660.85","2,621.51","","1.27%"
"2024/12/31","2,623.81","2,606.13","2,627.85","2,602.50","","0.71%"
"2024/12/30","2,605.39","2,620.30","2,628.61","2,595.90","","-0.56%"
"2024/12/27","2,620.00","2,634.59","2,638.74","2,611.30","","-0.55%"
"2024/12/26","2,634.43","2,619.79","2,639.40","2,614.13","","0.81%"
"2024/12/24","2,613.20","2,613.07","2,621.83","2,609.92","","0.01%"
"2024/12/23","2,612.93","2,622.24","2,633.60","2,607.97","","-0.30%"
"2024/12/20","2,620.77","2,593.97","2,631.92","2,589.56","","1.04%"
"2024/12/19","2,593.85","2,587.87","2,626.73","2,583.49","","0.24%"
"2024/12/18","2,587.63","2,645.68","2,652.08","2,586.52","","-2.19%"
"2024/12/17","2,645.54","2,652.63","2,659.22","2,633.00","","-0.26%"
"2024/12/16","2,652.50","2,649.10","2,664.83","2,643.34","","0.16%"
"2024/12/13","2,648.39","2,681.47","2,693.02","2,645.90","","-1.23%"
"2024/12/12","2,681.33","2,718.07","2,726.31","2,675.04","","-1.35%"
"2024/12/11","2,717.93","2,693.76","2,721.35","2,674.58","","0.90%"
"2024/12/10","2,693.64","2,658.82","2,695.79","2,657.95","","1.31%"
"2024/12/09","2,658.78","2,635.52","2,676.52","2,627.47","","0.98%"
"2024/12/06","2,632.91","2,632.18","2,645.69","2,613.57","","0.03%"
"2024/12/05","2,632.05","2,649.92","2,655.62","2,623.55","","-0.67%"
"2024/12/04","2,649.79","2,643.57","2,657.36","2,632.50","","0.24%"
"2024/12/03","2,643.44","2,639.05","2,655.71","2,634.12","121.32K","0.17%"
"2024/12/02","2,638.93","2,653.82","2,656.21","2,621.90","","-0.55%"
"2024/11/29","2,653.55","2,641.20","2,666.35","2,634.11","","0.48%"
"2024/11/28","2,640.96","2,635.74","2,650.12","2,620.95","","0.21%"
"2024/11/27","2,635.51","2,632.16","2,658.40","2,627.06","","0.14%"
"2024/11/26","2,631.89","2,625.38","2,642.05","2,605.29","","0.25%"
"2024/11/25","2,625.26","2,715.10","2,721.43","2,615.70","","-3.22%"
"2024/11/22","2,712.55","2,669.84","2,712.91","2,667.38","","1.61%"
"2024/11/21","2,669.69","2,650.19","2,673.86","2,647.95","","0.74%"
"2024/11/20","2,650.05","2,631.80","2,655.50","2,618.70","","0.70%"
"2024/11/19","2,631.68","2,612.29","2,639.69","2,610.25","","0.75%"
"2024/11/18","2,612.20","2,561.59","2,615.17","2,561.59","","1.99%"
"2024/11/15","2,561.24","2,566.54","2,576.09","2,554.58","","-0.19%"
"2024/11/14","2,566.19","2,573.91","2,581.61","2,536.91","","-0.29%"
"2024/11/13","2,573.78","2,597.41","2,618.97","2,573.00","","-0.90%"
"2024/11/12","2,597.27","2,620.31","2,627.24","2,589.79","","-0.88%"
"2024/11/11","2,620.20","2,684.81","2,686.51","2,610.62","","-2.37%"
"2024/11/08","2,683.77","2,707.37","2,710.51","2,680.36","","-0.86%"
"2024/11/07","2,706.99","2,659.36","2,710.20","2,643.50","","1.80%"
"2024/11/06","2,659.24","2,743.88","2,749.80","2,652.44","","-3.07%"
"2024/11/05","2,743.59","2,736.58","2,750.06","2,724.75","","0.26%"
"2024/11/04","2,736.39","2,734.10","2,748.30","2,729.78","","0.05%"
"2024/11/01","2,735.16","2,742.50","2,762.29","2,733.20","","-0.32%"
"2024/10/31","2,743.80","2,787.75","2,790.41","2,731.65","","-1.52%"
"2024/10/30","2,786.19","2,775.01","2,790.09","2,770.65","","0.40%"
"2024/10/29","2,775.13","2,743.70","2,775.89","2,739.82","","1.21%"
"2024/10/28","2,741.98","2,734.84","2,746.06","2,724.72","","-0.21%"
"2024/10/25","2,747.69","2,736.10","2,747.97","2,716.97","","0.44%"
"2024/10/24","2,735.70","2,717.99","2,743.38","2,715.72","","0.67%"
"2024/10/23","2,717.54","2,749.52","2,758.53","2,708.79","","-1.12%"
"2024/10/22","2,748.38","2,720.00","2,749.47","2,718.93","","1.06%"
"2024/10/21","2,719.65","2,721.71","2,740.61","2,714.23","","-0.02%"
"2024/10/18","2,720.25","2,692.41","2,722.87","2,691.48","","1.03%"
"2024/10/17","2,692.55","2,674.05","2,696.80","2,673.00","","0.72%"
"2024/10/16","2,673.24","2,663.00","2,685.73","2,658.71","","0.46%"
"2024/10/15","2,660.99","2,651.75","2,669.07","2,638.31","","0.37%"
"2024/10/14","2,651.05","2,657.21","2,666.94","2,643.16","","-0.19%"
"2024/10/11","2,656.00","2,630.80","2,661.55","2,627.65","","1.01%"
"2024/10/10","2,629.48","2,608.14","2,631.63","2,604.15","","0.83%"
"2024/10/09","2,607.77","2,620.19","2,624.65","2,605.18","","-0.54%"
"2024/10/08","2,621.94","2,643.50","2,653.09","2,604.79","","-0.82%"
"2024/10/07","2,643.58","2,651.20","2,659.91","2,637.70","","-0.33%"
"2024/10/04","2,652.25","2,654.39","2,670.15","2,632.00","","-0.14%"
"2024/10/03","2,655.90","2,658.66","2,663.40","2,639.73","","-0.07%"
"2024/10/02","2,657.75","2,661.15","2,663.85","2,641.18","","-0.19%"
"2024/10/01","2,662.82","2,635.41","2,673.20","2,631.98","","1.08%"
"2024/09/30","2,634.49","2,658.30","2,666.11","2,624.78","","-0.88%"
"2024/09/27","2,657.97","2,669.50","2,674.40","2,643.15","","-0.46%"
"2024/09/26","2,670.20","2,657.32","2,685.96","2,654.56","","0.50%"
"2024/09/25","2,656.82","2,655.90","2,670.60","2,649.84","","0.00%"
"2024/09/24","2,656.70","2,628.92","2,664.47","2,622.58","","1.08%"
"2024/09/23","2,628.40","2,621.81","2,635.54","2,613.60","","0.25%"
"2024/09/20","2,621.96","2,587.50","2,625.79","2,584.81","","1.37%"
"2024/09/19","2,586.48","2,559.07","2,594.89","2,551.26","","1.08%"
"2024/09/18","2,558.80","2,571.73","2,600.21","2,546.98","","-0.42%"
"2024/09/17","2,569.52","2,582.46","2,587.01","2,560.84","","-0.51%"
"2024/09/16","2,582.58","2,578.06","2,589.78","2,575.40","","0.24%"
"2024/09/13","2,576.50","2,556.52","2,586.18","2,556.52","","0.69%"
"2024/09/12","2,558.75","2,512.02","2,560.21","2,511.02","","1.88%"
"2024/09/11","2,511.44","2,515.70","2,529.40","2,501.01","","-0.19%"
"2024/09/10","2,516.12","2,506.84","2,518.57","2,500.16","","0.43%"
"2024/09/09","2,505.25","2,497.32","2,507.42","2,485.60","","0.33%"
"2024/09/06","2,497.03","2,516.90","2,529.30","2,485.15","","-0.77%"
"2024/09/05","2,516.32","2,495.50","2,523.54","2,493.76","","0.89%"
"2024/09/04","2,494.19","2,492.94","2,500.20","2,471.95","","0.06%"
"2024/09/03","2,492.76","2,500.50","2,506.44","2,473.25","","-0.26%"
"2024/09/02","2,499.29","2,502.74","2,507.50","2,490.14","","-0.15%"
"2024/08/30","2,503.03","2,520.89","2,527.07","2,494.36","","-0.72%"
"2024/08/29","2,521.18","2,504.65","2,528.77","2,503.65","","0.76%"
"2024/08/28","2,502.25","2,522.74","2,529.15","2,493.66","","-0.88%"
"2024/08/27","2,524.57","2,518.30","2,526.27","2,503.41","","0.31%"
"2024/08/26","2,516.89","2,511.43","2,527.76","2,508.71","","0.19%"
"2024/08/23","2,512.07","2,482.20","2,518.45","2,481.20","","1.16%"
"2024/08/22","2,483.29","2,512.50","2,514.82","2,470.86","","-1.14%"
"2024/08/21","2,511.95","2,512.82","2,520.09","2,494.15","","-0.07%"
"2024/08/20","2,513.74","2,501.55","2,532.05","2,497.33","","0.39%"
"2024/08/19","2,503.92","2,508.40","2,510.45","2,485.83","","-0.13%"
"2024/08/16","2,507.28","2,456.57","2,509.89","2,450.76","","2.08%"
"2024/08/15","2,456.10","2,448.15","2,470.25","2,432.19","","0.35%"
"2024/08/14","2,447.64","2,467.40","2,478.49","2,438.12","","-0.71%"
"2024/08/13","2,465.03","2,472.64","2,477.02","2,458.50","","-0.29%"
"2024/08/12","2,472.25","2,431.21","2,473.48","2,423.84","","1.70%"
"2024/08/09","2,430.93","2,427.29","2,437.15","2,416.93","","0.17%"
"2024/08/08","2,426.75","2,382.43","2,427.80","2,380.70","","1.90%"
"2024/08/07","2,381.53","2,389.67","2,407.05","2,379.05","","-0.33%"
"2024/08/06","2,389.37","2,410.01","2,418.35","2,381.79","","-0.76%"
"2024/08/05","2,407.65","2,443.27","2,458.80","2,364.40","","-1.46%"
"2024/08/02","2,443.29","2,445.16","2,477.72","2,410.83","","-0.09%"
"2024/08/01","2,445.42","2,448.10","2,462.40","2,430.25","","-0.11%"
"2024/07/31","2,448.10","2,410.09","2,451.00","2,410.17","","1.65%"
"2024/07/30","2,408.43","2,383.66","2,413.00","2,376.51","","1.04%"
"2024/07/29","2,383.54","2,387.20","2,403.23","2,369.77","","-0.09%"
"2024/07/26","2,385.57","2,364.30","2,390.82","2,355.89","","0.89%"
"2024/07/25","2,364.50","2,398.49","2,401.32","2,353.19","","-1.38%"
"2024/07/24","2,397.59","2,408.94","2,432.05","2,396.50","","-0.48%"
"2024/07/23","2,409.21","2,396.80","2,412.15","2,388.26","","0.48%"
"2024/07/22","2,397.65","2,400.41","2,412.32","2,384.00","","-0.13%"
"2024/07/19","2,400.79","2,445.34","2,446.29","2,393.92","","-1.81%"
"2024/07/18","2,444.97","2,460.13","2,475.02","2,440.41","","-0.55%"
"2024/07/17","2,458.38","2,476.22","2,483.78","2,451.60","","-0.41%"
"2024/07/16","2,468.57","2,424.80","2,469.91","2,423.54","","1.92%"
"2024/07/15","2,422.07","2,409.50","2,439.74","2,401.35","","0.45%"
"2024/07/12","2,411.27","2,416.47","2,418.37","2,391.52","","-0.15%"
"2024/07/11","2,414.78","2,371.58","2,424.62","2,370.83","","1.84%"
"2024/07/10","2,371.07","2,363.80","2,386.75","2,362.73","","0.32%"
"2024/07/09","2,363.58","2,358.60","2,371.52","2,349.59","","0.20%"
"2024/07/08","2,358.80","2,391.77","2,391.85","2,351.16","","-1.37%"
"2024/07/05","2,391.46","2,358.01","2,393.04","2,354.03","","1.50%"
"2024/07/04","2,356.12","2,353.70","2,362.64","2,350.76","","0.00%"
"2024/07/03","2,356.06","2,328.00","2,365.06","2,326.93","","1.15%"
"2024/07/02","2,329.28","2,332.05","2,336.90","2,319.24","","-0.10%"
"2024/07/01","2,331.70","2,326.46","2,338.72","2,318.55","","0.26%"
"2024/06/28","2,325.71","2,327.75","2,339.79","2,319.15","","-0.07%"
"2024/06/27","2,327.45","2,299.80","2,331.00","2,296.50","","1.29%"
"2024/06/26","2,297.91","2,320.00","2,323.95","2,293.70","","-0.91%"
"2024/06/25","2,319.01","2,333.25","2,337.26","2,315.56","","-0.60%"
"2024/06/24","2,332.93","2,321.60","2,335.02","2,317.37","","0.54%"
"2024/06/21","2,320.34","2,360.30","2,368.85","2,316.76","","-1.66%"
"2024/06/20","2,359.63","2,329.15","2,365.52","2,327.30","","1.38%"
"2024/06/19","2,327.48","2,329.79","2,335.10","2,323.84","","-0.04%"
"2024/06/18","2,328.33","2,319.38","2,333.25","2,306.63","","0.41%"
"2024/06/17","2,318.87","2,332.20","2,333.48","2,310.02","","-0.59%"
"2024/06/14","2,332.52","2,302.52","2,336.87","2,301.35","","1.27%"
"2024/06/13","2,303.19","2,325.70","2,326.70","2,295.68","","-0.83%"
"2024/06/12","2,322.55","2,315.53","2,341.70","2,310.80","","0.27%"
"2024/06/11","2,316.27","2,311.00","2,320.17","2,297.69","","0.25%"
"2024/06/10","2,310.60","2,296.00","2,313.87","2,287.31","","0.78%"
"2024/06/07","2,292.71","2,376.50","2,387.85","2,286.77","","-3.49%"
"2024/06/06","2,375.61","2,355.16","2,378.57","2,353.60","","0.88%"
"2024/06/05","2,354.78","2,328.00","2,358.07","2,325.88","","1.16%"
"2024/06/04","2,327.68","2,349.00","2,351.76","2,315.53","","-0.96%"
"2024/06/03","2,350.35","2,329.61","2,354.82","2,314.76","","1.00%"
"2024/05/31","2,326.97","2,345.07","2,353.24","2,323.96","","-0.68%"
"2024/05/30","2,343.00","2,339.67","2,351.83","2,322.72","","0.18%"
"2024/05/29","2,338.77","2,361.00","2,362.86","2,334.75","","-0.94%"
"2024/05/28","2,360.95","2,352.29","2,364.12","2,340.17","","0.43%"
"2024/05/27","2,350.74","2,334.50","2,358.56","2,332.36","","0.73%"
"2024/05/24","2,333.76","2,328.40","2,347.54","2,325.40","","0.23%"
"2024/05/23","2,328.37","2,378.60","2,383.86","2,327.00","","-2.10%"
"2024/05/22","2,378.25","2,423.75","2,426.64","2,374.98","","-1.79%"
"2024/05/21","2,421.64","2,426.84","2,434.00","2,406.32","","-0.14%"
"2024/05/20","2,425.12","2,415.02","2,450.13","2,407.34","","0.42%"
"2024/05/17","2,414.89","2,376.81","2,422.87","2,373.96","","1.62%"
"2024/05/16","2,376.44","2,386.42","2,397.44","2,371.01","","-0.40%"
"2024/05/15","2,386.04","2,358.20","2,390.36","2,351.82","","1.19%"
"2024/05/14","2,357.97","2,338.20","2,359.83","2,334.55","","0.94%"
"2024/05/13","2,336.05","2,362.70","2,364.94","2,332.34","","-1.02%"
"2024/05/10","2,360.14","2,346.26","2,378.45","2,345.25","","0.61%"
"2024/05/09","2,345.88","2,309.04","2,347.59","2,306.67","","1.61%"
"2024/05/08","2,308.65","2,314.70","2,321.56","2,303.85","","-0.22%"
"2024/05/07","2,313.79","2,322.50","2,330.06","2,310.06","","-0.42%"
"2024/05/06","2,323.57","2,302.50","2,331.99","2,291.79","","0.96%"
"2024/05/03","2,301.56","2,303.20","2,321.64","2,277.47","","-0.08%"
"2024/05/02","2,303.29","2,319.89","2,326.57","2,285.58","","-0.63%"
"2024/05/01","2,317.90","2,285.91","2,328.40","2,281.66","","1.41%"
"2024/04/30","2,285.57","2,335.10","2,336.54","2,284.94","","-2.09%"
"2024/04/29","2,334.44","2,337.50","2,346.85","2,320.08","","-0.14%"
"2024/04/26","2,337.72","2,332.16","2,352.62","2,326.30","","0.25%"
"2024/04/25","2,331.78","2,316.20","2,344.86","2,305.28","","0.69%"
"2024/04/24","2,315.82","2,322.19","2,337.16","2,311.90","","-0.26%"
"2024/04/23","2,321.81","2,326.62","2,334.48","2,291.40","","-0.19%"
"2024/04/22","2,326.29","2,388.20","2,388.72","2,325.29","","-2.68%"
"2024/04/19","2,390.45","2,378.60","2,417.79","2,372.96","","0.51%"
"2024/04/18","2,378.25","2,360.74","2,392.84","2,360.70","","0.74%"
"2024/04/17","2,360.81","2,383.20","2,395.63","2,354.84","","-0.92%"
"2024/04/16","2,382.83","2,382.86","2,398.34","2,362.95","","0.01%"
"2024/04/15","2,382.51","2,343.86","2,387.59","2,324.59","","1.67%"
"2024/04/12","2,343.43","2,373.59","2,431.53","2,333.90","","-1.26%"
"2024/04/11","2,373.24","2,333.17","2,377.80","2,325.84","","1.73%"
"2024/04/10","2,332.79","2,352.91","2,360.15","2,319.54","","-0.84%"
"2024/04/09","2,352.58","2,339.24","2,365.34","2,336.94","","0.59%"
"2024/04/08","2,338.89","2,322.00","2,354.09","2,302.86","","0.40%"
"2024/04/05","2,329.50","2,289.88","2,330.34","2,267.85","","1.75%"
"2024/04/04","2,289.43","2,299.62","2,305.31","2,280.15","","-0.42%"
"2024/04/03","2,299.17","2,279.57","2,301.22","2,265.50","","0.84%"
"2024/04/02","2,280.10","2,250.88","2,281.17","2,246.79","","1.32%"
"2024/04/01","2,250.36","2,239.59","2,265.86","2,228.54","","0.81%"
"2024/03/28","2,232.38","2,194.19","2,235.90","2,187.33","","1.75%"
"2024/03/27","2,194.02","2,179.03","2,197.71","2,173.59","","0.71%"
"2024/03/26","2,178.58","2,171.82","2,200.15","2,167.75","","0.33%"
"2024/03/25","2,171.45","2,165.79","2,181.30","2,163.50","","0.34%"
"2024/03/22","2,164.15","2,181.50","2,186.25","2,157.15","","-0.76%"
"2024/03/21","2,180.81","2,186.00","2,222.90","2,166.50","","-0.24%"
"2024/03/20","2,185.96","2,158.29","2,188.90","2,149.60","","1.33%"
"2024/03/19","2,157.23","2,160.70","2,162.93","2,146.90","","-0.13%"
"2024/03/18","2,159.99","2,156.00","2,163.64","2,146.05","","0.21%"
"2024/03/15","2,155.54","2,162.40","2,173.25","2,155.19","","-0.25%"
"2024/03/14","2,161.01","2,174.29","2,177.10","2,152.86","","-0.62%"
"2024/03/13","2,174.40","2,158.25","2,179.91","2,155.54","","0.76%"
"2024/03/12","2,157.99","2,183.00","2,184.86","2,150.59","","-1.12%"
"2024/03/11","2,182.47","2,177.71","2,189.04","2,174.80","","0.23%"
"2024/03/08","2,177.51","2,159.40","2,195.20","2,154.08","","0.85%"
"2024/03/07","2,159.16","2,148.54","2,164.54","2,144.29","","0.51%"
"2024/03/06","2,148.29","2,127.95","2,152.29","2,123.65","","0.98%"
"2024/03/05","2,127.55","2,115.15","2,142.15","2,110.52","","0.59%"
"2024/03/04","2,114.99","2,082.09","2,119.95","2,079.45","","1.52%"
"2024/03/01","2,083.39","2,043.44","2,088.40","2,038.55","","1.96%"
"2024/02/29","2,043.24","2,034.92","2,050.79","2,027.75","","0.42%"
"2024/02/28","2,034.62","2,030.05","2,038.30","2,024.56","","0.25%"
"2024/02/27","2,029.64","2,030.99","2,039.99","2,028.78","","-0.05%"
"2024/02/26","2,030.66","2,034.49","2,037.59","2,025.10","","-0.25%"
"2024/02/23","2,035.72","2,024.49","2,041.43","2,015.55","","0.57%"
"2024/02/22","2,024.11","2,025.24","2,034.84","2,019.70","","-0.04%"
"2024/02/21","2,024.99","2,023.80","2,032.22","2,020.19","","0.07%"
"2024/02/20","2,023.53","2,017.99","2,030.96","2,015.02","","0.29%"
"2024/02/19","2,017.63","2,013.16","2,023.34","2,011.57","","0.22%"
"2024/02/16","2,013.10","2,004.40","2,015.25","1,995.26","","0.45%"
"2024/02/15","2,004.09","1,992.69","2,008.49","1,990.25","","0.59%"
"2024/02/14","1,992.39","1,992.55","1,996.14","1,984.30","","0.01%"
"2024/02/13","1,992.13","2,019.90","2,030.05","1,990.19","","-1.37%"
"2024/02/12","2,019.79","2,024.53","2,028.09","2,011.91","","-0.22%"
"2024/02/09","2,024.16","2,033.65","2,037.44","2,020.30","","-0.44%"
"2024/02/08","2,033.18","2,034.55","2,038.94","2,019.75","","-0.05%"
"2024/02/07","2,034.22","2,035.90","2,044.65","2,030.65","","-0.06%"
"2024/02/06","2,035.46","2,024.99","2,039.02","2,022.55","","0.53%"
"2024/02/05","2,024.67","2,039.91","2,042.32","2,014.40","","-0.68%"
"2024/02/02","2,038.59","2,055.09","2,058.20","2,027.45","","-0.79%"
"2024/02/01","2,054.89","2,037.59","2,065.42","2,029.55","","0.87%"
"2024/01/31","2,037.19","2,036.58","2,056.08","2,031.00","","0.05%"
"2024/01/30","2,036.12","2,031.97","2,048.48","2,029.19","","0.21%"
"2024/01/29","2,031.75","2,019.40","2,037.75","2,017.38","","0.66%"
"2024/01/26","2,018.34","2,019.94","2,026.80","2,015.97","","-0.07%"
"2024/01/25","2,019.75","2,012.84","2,025.27","2,010.15","","0.36%"
"2024/01/24","2,012.59","2,028.94","2,036.74","2,011.28","","-0.79%"
"2024/01/23","2,028.69","2,021.24","2,037.92","2,019.59","","0.38%"
"2024/01/22","2,020.99","2,029.90","2,032.28","2,016.74","","-0.40%"
"2024/01/19","2,029.09","2,023.05","2,039.49","2,020.37","","0.32%"
"2024/01/18","2,022.67","2,006.09","2,023.45","2,005.43","","0.85%"
"2024/01/17","2,005.72","2,027.90","2,033.05","2,001.91","","-1.08%"
"2024/01/16","2,027.59","2,054.91","2,055.65","2,024.29","","-1.31%"
"2024/01/15","2,054.49","2,048.09","2,059.25","2,045.80","","0.28%"
"2024/01/12","2,048.72","2,028.30","2,062.35","2,027.99","","1.02%"
"2024/01/11","2,028.09","2,023.74","2,039.69","2,013.32","","0.23%"
"2024/01/10","2,023.40","2,029.94","2,040.44","2,020.45","","-0.31%"
"2024/01/09","2,029.59","2,028.40","2,042.09","2,026.11","","0.09%"
"2024/01/08","2,027.84","2,044.08","2,046.71","2,016.84","","-0.86%"
"2024/01/05","2,045.50","2,043.69","2,064.03","2,024.49","","0.11%"
"2024/01/04","2,043.26","2,041.34","2,051.40","2,036.24","","0.12%"
"2024/01/03","2,040.78","2,059.15","2,066.12","2,030.68","","-0.88%"
"2024/01/02","2,058.88","2,062.90","2,079.02","2,056.04","","-0.24%"
"2024/01/01","2,063.80","2,064.24","2,074.90","2,063.30","","0.06%"
"2023/12/29","2,062.59","2,065.15","2,075.15","2,057.75","","-0.11%"
"2023/12/28","2,064.86","2,077.34","2,088.54","2,065.89","","-0.59%"
"2023/12/27","2,077.16","2,066.70","2,084.59","2,061.00","","0.51%"
"2023/12/26","2,066.60","2,055.73","2,068.65","2,053.59","","0.57%"
"2023/12/25","2,054.93","2,054.32","2,058.36","2,053.96","","0.10%"
"2023/12/22","2,052.98","2,045.84","2,070.65","2,045.65","","0.37%"
"2023/12/21","2,045.49","2,029.44","2,046.07","2,029.44","","0.80%"
"2023/12/20","2,029.19","2,040.34","2,043.94","2,029.37","","-0.54%"
"2023/12/19","2,040.12","2,027.30","2,047.07","2,021.74","","0.65%"
"2023/12/18","2,027.00","2,020.09","2,033.71","2,015.99","","0.44%"
"2023/12/15","2,018.19","2,035.80","2,045.55","2,015.68","","-0.85%"
"2023/12/14","2,035.53","2,026.59","2,047.98","2,024.33","","0.45%"
"2023/12/13","2,026.39","1,979.74","2,027.55","1,973.09","","2.37%"
"2023/12/12","1,979.44","1,981.59","1,996.80","1,977.19","","-0.09%"
"2023/12/11","1,981.30","2,003.60","2,008.72","1,975.95","","-1.10%"
"2023/12/08","2,003.39","2,028.69","2,034.19","1,994.74","","-1.23%"
"2023/12/07","2,028.34","2,025.30","2,039.93","2,020.26","","0.17%"
"2023/12/06","2,024.90","2,019.74","2,036.30","2,017.27","","0.27%"
"2023/12/05","2,019.42","2,030.15","2,041.33","2,010.02","","-0.51%"
"2023/12/04","2,029.74","2,071.25","2,135.90","2,020.34","","-1.99%"
"2023/12/01","2,070.90","2,034.49","2,075.34","2,033.75","","1.73%"
"2023/11/30","2,035.75","2,044.80","2,047.59","2,031.84","","-0.43%"
"2023/11/29","2,044.59","2,041.24","2,052.09","2,035.05","","0.18%"
"2023/11/28","2,040.89","2,013.94","2,043.00","2,011.60","","1.35%"
"2023/11/27","2,013.64","2,002.78","2,018.14","2,000.67","","0.58%"
"2023/11/24","2,001.97","1,994.06","2,003.68","1,991.40","","0.51%"
"2023/11/23","1,991.79","1,990.15","1,999.19","1,989.01","","0.10%"
"2023/11/22","1,989.72","1,998.69","2,006.90","1,986.89","","-0.43%"
"2023/11/21","1,998.37","1,977.49","2,007.52","1,977.34","","1.07%"
"2023/11/20","1,977.19","1,980.39","1,985.26","1,965.20","","-0.14%"
"2023/11/17","1,980.01","1,981.21","1,993.94","1,978.59","","-0.04%"
"2023/11/16","1,980.85","1,959.44","1,988.03","1,956.49","","1.11%"
"2023/11/15","1,959.09","1,963.05","1,975.59","1,955.41","","-0.18%"
"2023/11/14","1,962.67","1,946.19","1,970.84","1,943.40","","0.86%"
"2023/11/13","1,945.89","1,937.05","1,949.27","1,931.73","","0.47%"
"2023/11/10","1,936.79","1,958.40","1,960.93","1,933.18","","-1.09%"
"2023/11/09","1,958.19","1,950.09","1,965.69","1,944.30","","0.43%"
"2023/11/08","1,949.79","1,968.84","1,971.12","1,947.48","","-0.95%"
"2023/11/07","1,968.40","1,978.19","1,978.75","1,956.20","","-0.47%"
"2023/11/06","1,977.68","1,992.30","1,993.30","1,977.52","","-0.73%"
"2023/11/03","1,992.27","1,985.69","2,004.06","1,983.26","","0.34%"
"2023/11/02","1,985.51","1,983.53","1,991.49","1,978.90","","0.17%"
"2023/11/01","1,982.15","1,983.01","1,992.09","1,969.90","","-0.03%"
"2023/10/31","1,982.70","1,996.00","2,007.80","1,978.90","","-0.66%"
"2023/10/30","1,995.88","2,004.80","2,007.37","1,990.50","","-0.49%"
"2023/10/27","2,005.78","1,985.17","2,009.48","1,976.35","","1.06%"
"2023/10/26","1,984.82","1,979.97","1,994.05","1,971.60","","0.26%"
"2023/10/25","1,979.62","1,971.36","1,987.19","1,963.34","","0.48%"
"2023/10/24","1,970.11","1,972.97","1,980.99","1,953.50","","-0.13%"
"2023/10/23","1,972.59","1,972.90","1,983.40","1,964.36","","-0.43%"
"2023/10/20","1,981.04","1,974.31","1,997.27","1,971.93","","0.37%"
"2023/10/19","1,973.70","1,947.99","1,977.86","1,945.18","","1.34%"
"2023/10/18","1,947.69","1,923.70","1,962.74","1,923.05","","1.28%"
"2023/10/17","1,923.07","1,920.14","1,931.56","1,911.85","","0.19%"
"2023/10/16","1,919.44","1,929.30","1,931.80","1,907.65","","-0.63%"
"2023/10/13","1,931.70","1,869.02","1,933.76","1,868.94","","3.37%"
"2023/10/12","1,868.65","1,874.10","1,885.30","1,866.92","","-0.26%"
"2023/10/11","1,873.61","1,859.99","1,877.22","1,858.60","","0.73%"
"2023/10/10","1,860.09","1,861.27","1,865.65","1,852.65","","-0.04%"
"2023/10/09","1,860.88","1,832.74","1,864.15","1,832.63","","1.56%"
"2023/10/06","1,832.26","1,820.40","1,834.97","1,810.10","","0.67%"
"2023/10/05","1,820.01","1,820.49","1,829.30","1,812.70","","-0.06%"
"2023/10/04","1,821.08","1,824.30","1,831.05","1,816.15","","-0.10%"
"2023/10/03","1,822.81","1,827.96","1,833.36","1,814.70","","-0.25%"
"2023/10/02","1,827.40","1,848.13","1,849.06","1,826.60","","-1.13%"
"2023/09/29","1,848.31","1,865.43","1,880.24","1,846.34","","-0.87%"
"2023/09/28","1,864.56","1,875.73","1,880.15","1,857.76","","-0.54%"
"2023/09/27","1,874.70","1,900.69","1,903.95","1,872.47","","-1.36%"
"2023/09/26","1,900.49","1,916.03","1,916.89","1,899.17","","-0.79%"
"2023/09/25","1,915.66","1,925.24","1,927.26","1,915.00","","-0.48%"
"2023/09/22","1,924.99","1,920.08","1,929.65","1,919.58","","0.28%"
"2023/09/21","1,919.57","1,930.99","1,931.74","1,913.40","","-0.52%"
"2023/09/20","1,929.68","1,931.69","1,947.80","1,927.90","","-0.07%"
"2023/09/19","1,930.94","1,933.68","1,937.94","1,929.71","","-0.11%"
"2023/09/18","1,933.14","1,924.19","1,934.61","1,922.15","","0.50%"
"2023/09/15","1,923.57","1,910.90","1,930.84","1,909.74","","0.69%"
"2023/09/14","1,910.32","1,906.68","1,912.99","1,900.95","","0.21%"
"2023/09/13","1,906.30","1,913.55","1,916.30","1,905.50","","-0.36%"
"2023/09/12","1,913.26","1,922.90","1,925.05","1,907.15","","-0.44%"
"2023/09/11","1,921.66","1,919.16","1,930.90","1,916.90","","0.20%"
"2023/09/08","1,917.81","1,919.57","1,930.19","1,917.36","","-0.07%"
"2023/09/07","1,919.19","1,916.86","1,923.67","1,916.10","","0.15%"
"2023/09/06","1,916.28","1,926.16","1,929.80","1,914.80","","-0.50%"
"2023/09/05","1,925.81","1,938.59","1,939.13","1,925.22","","-0.64%"
"2023/09/04","1,938.19","1,940.49","1,946.42","1,936.15","","-0.03%"
"2023/09/01","1,938.80","1,940.19","1,953.44","1,934.59","","-0.05%"
"2023/08/31","1,939.74","1,942.61","1,948.19","1,938.86","","-0.13%"
"2023/08/30","1,942.24","1,937.48","1,949.04","1,934.94","","0.26%"
"2023/08/29","1,937.12","1,920.23","1,938.41","1,914.00","","0.91%"
"2023/08/28","1,919.66","1,916.09","1,926.19","1,912.83","","0.27%"
"2023/08/25","1,914.53","1,917.80","1,923.09","1,903.40","","-0.15%"
"2023/08/24","1,917.43","1,914.15","1,923.94","1,911.35","","0.16%"
"2023/08/23","1,914.31","1,897.80","1,920.94","1,897.23","","0.89%"
"2023/08/22","1,897.47","1,895.09","1,905.05","1,888.60","","0.19%"
"2023/08/21","1,893.94","1,889.40","1,899.05","1,884.50","","0.30%"
"2023/08/18","1,888.19","1,889.49","1,897.44","1,886.20","","-0.04%"
"2023/08/17","1,888.89","1,892.20","1,903.90","1,884.50","","-0.15%"
"2023/08/16","1,891.76","1,901.59","1,907.90","1,891.30","","-0.52%"
"2023/08/15","1,901.56","1,907.40","1,912.19","1,896.15","","-0.33%"
"2023/08/14","1,907.90","1,913.67","1,916.55","1,902.20","","-0.28%"
"2023/08/11","1,913.32","1,912.65","1,921.15","1,910.94","","0.07%"
"2023/08/10","1,912.06","1,914.94","1,930.11","1,911.73","","-0.13%"
"2023/08/09","1,914.59","1,925.16","1,932.48","1,914.05","","-0.53%"
"2023/08/08","1,924.82","1,936.76","1,938.15","1,922.50","","-0.60%"
"2023/08/07","1,936.39","1,942.59","1,946.81","1,931.53","","-0.27%"
"2023/08/04","1,941.62","1,934.12","1,947.19","1,929.75","","0.41%"
"2023/08/03","1,933.74","1,934.66","1,939.03","1,929.55","","0.01%"
"2023/08/02","1,933.56","1,945.74","1,955.40","1,933.00","","-0.54%"
"2023/08/01","1,944.08","1,965.10","1,966.24","1,941.20","","-1.02%"
"2023/07/31","1,964.19","1,959.49","1,972.44","1,951.00","","0.25%"
"2023/07/28","1,959.20","1,944.27","1,963.71","1,944.27","","0.73%"
"2023/07/27","1,944.99","1,972.08","1,982.24","1,942.61","","-1.38%"
"2023/07/26","1,972.10","1,964.99","1,978.31","1,961.99","","0.38%"
"2023/07/25","1,964.58","1,955.20","1,966.03","1,953.21","","0.52%"
"2023/07/24","1,954.51","1,962.09","1,967.97","1,953.42","","-0.29%"
"2023/07/21","1,960.23","1,969.99","1,973.89","1,956.82","","-0.48%"
"2023/07/20","1,969.62","1,976.80","1,987.59","1,965.40","","-0.39%"
"2023/07/19","1,977.25","1,978.97","1,981.05","1,969.75","","-0.07%"
"2023/07/18","1,978.71","1,954.59","1,984.39","1,954.44","","1.23%"
"2023/07/17","1,954.74","1,954.90","1,959.91","1,945.82","","-0.01%"
"2023/07/14","1,954.93","1,961.58","1,963.81","1,951.00","","-0.27%"
"2023/07/13","1,960.19","1,957.44","1,963.69","1,952.71","","0.16%"
"2023/07/12","1,957.09","1,932.59","1,959.82","1,932.18","","1.30%"
"2023/07/11","1,931.99","1,925.40","1,938.69","1,924.40","","0.36%"
"2023/07/10","1,924.99","1,925.19","1,928.31","1,912.68","","0.04%"
"2023/07/07","1,924.28","1,911.07","1,934.92","1,909.56","","0.71%"
"2023/07/06","1,910.80","1,916.05","1,927.69","1,902.68","","-0.34%"
"2023/07/05","1,917.32","1,925.90","1,935.17","1,914.48","","-0.40%"
"2023/07/04","1,925.09","1,921.78","1,930.84","1,919.90","","0.19%"
"2023/07/03","1,921.43","1,919.40","1,931.09","1,910.10","","0.10%"
"2023/06/30","1,919.57","1,908.53","1,922.90","1,900.56","","0.60%"
"2023/06/29","1,908.15","1,908.80","1,913.15","1,893.01","","0.04%"
"2023/06/28","1,907.42","1,913.59","1,917.24","1,902.84","","-0.31%"
"2023/06/27","1,913.35","1,923.21","1,930.85","1,911.19","","-0.49%"
"2023/06/26","1,922.85","1,924.30","1,933.48","1,921.59","","0.08%"
"2023/06/23","1,921.36","1,913.80","1,937.10","1,910.24","","0.41%"
"2023/06/22","1,913.52","1,932.09","1,935.00","1,912.34","","-0.97%"
"2023/06/21","1,932.26","1,935.42","1,939.55","1,919.34","","-0.19%"
"2023/06/20","1,935.91","1,950.90","1,956.87","1,929.77","","-0.73%"
"2023/06/19","1,950.12","1,957.99","1,958.93","1,947.80","","-0.37%"
"2023/06/16","1,957.36","1,957.68","1,968.00","1,953.42","","-0.01%"
"2023/06/15","1,957.65","1,943.44","1,960.34","1,925.30","","0.75%"
"2023/06/14","1,942.99","1,943.49","1,960.41","1,939.73","","-0.02%"
"2023/06/13","1,943.33","1,957.69","1,970.74","1,939.99","","-0.69%"
"2023/06/12","1,956.92","1,960.25","1,967.55","1,948.80","","-0.19%"
"2023/06/09","1,960.60","1,968.10","1,973.09","1,956.73","","-0.36%"
"2023/06/08","1,967.76","1,940.59","1,970.50","1,939.81","","1.45%"
"2023/06/07","1,939.63","1,963.59","1,970.26","1,939.80","","-1.18%"
"2023/06/06","1,962.85","1,962.11","1,966.85","1,954.00","","0.06%"
"2023/06/05","1,961.76","1,947.59","1,964.13","1,938.14","","0.73%"
"2023/06/02","1,947.63","1,978.14","1,983.52","1,947.67","","-1.53%"
"2023/06/01","1,977.88","1,962.80","1,983.27","1,953.43","","0.79%"
"2023/05/31","1,962.30","1,959.30","1,975.34","1,953.67","","0.16%"
"2023/05/30","1,959.14","1,944.19","1,963.63","1,932.08","","0.84%"
"2023/05/29","1,942.84","1,944.09","1,949.75","1,940.30","","-0.18%"
"2023/05/26","1,946.33","1,940.69","1,957.40","1,936.84","","0.31%"
"2023/05/25","1,940.34","1,958.13","1,964.95","1,938.86","","-0.85%"
"2023/05/24","1,957.01","1,975.19","1,985.30","1,956.51","","-0.90%"
"2023/05/23","1,974.73","1,971.99","1,977.80","1,954.29","","0.27%"
"2023/05/22","1,969.43","1,977.80","1,982.66","1,968.40","","-0.36%"
"2023/05/19","1,976.56","1,957.40","1,984.09","1,954.05","","0.94%"
"2023/05/18","1,958.05","1,981.52","1,986.12","1,951.97","","-1.19%"
"2023/05/17","1,981.72","1,988.94","1,993.13","1,974.80","","-0.35%"
"2023/05/16","1,988.60","2,015.90","2,018.94","1,985.47","","-1.58%"
"2023/05/15","2,020.60","2,011.72","2,022.20","2,007.28","","0.47%"
"2023/05/12","2,011.15","2,015.19","2,022.56","2,001.05","","-0.22%"
"2023/05/11","2,015.55","2,030.56","2,041.44","2,011.19","","-0.69%"
"2023/05/10","2,029.51","2,034.19","2,048.22","2,021.57","","-0.23%"
"2023/05/09","2,034.17","2,022.24","2,037.70","2,019.50","","0.63%"
"2023/05/08","2,021.39","2,015.95","2,029.63","2,014.10","","0.24%"
"2023/05/05","2,016.54","2,051.73","2,053.13","1,999.30","","-1.69%"
"2023/05/04","2,051.11","2,036.86","2,073.29","2,030.34","","0.59%"
"2023/05/03","2,039.02","2,014.80","2,040.69","2,007.96","","1.13%"
"2023/05/02","2,016.28","1,982.81","2,019.54","1,978.38","","1.73%"
"2023/05/01","1,982.05","1,991.34","2,006.05","1,977.05","","-0.38%"
"2023/04/28","1,989.65","1,986.75","1,995.13","1,976.08","","0.09%"
"2023/04/27","1,987.87","1,987.58","2,003.45","1,973.80","","-0.08%"
"2023/04/26","1,989.48","2,000.63","2,009.51","1,983.43","","-0.42%"
"2023/04/25","1,997.87","1,991.45","2,003.90","1,976.14","","0.45%"
"2023/04/24","1,988.88","1,981.34","1,990.97","1,974.19","","0.30%"
"2023/04/21","1,982.89","2,004.29","2,005.75","1,971.65","","-1.07%"
"2023/04/20","2,004.34","1,993.58","2,012.74","1,990.49","","0.56%"
"2023/04/19","1,993.26","2,007.49","2,008.33","1,969.28","","-0.58%"
"2023/04/18","2,004.93","1,995.19","2,011.98","1,991.33","","0.51%"
"2023/04/17","1,994.77","2,001.85","2,015.13","1,981.34","","-0.41%"
"2023/04/14","2,003.04","2,040.40","2,047.60","1,992.41","","-1.80%"
"2023/04/13","2,039.73","2,014.00","2,048.84","2,012.45","","1.24%"
"2023/04/12","2,014.67","2,003.67","2,028.40","2,001.18","","0.58%"
"2023/04/11","2,003.14","1,990.36","2,007.58","1,988.72","","0.66%"
"2023/04/10","1,989.95","2,008.30","2,011.17","1,981.59","","-0.90%"
"2023/04/06","2,008.02","2,020.13","2,021.63","2,000.88","","-0.61%"
"2023/04/05","2,020.35","2,020.44","2,032.20","2,009.99","","0.02%"
"2023/04/04","2,019.97","1,984.59","2,025.19","1,977.01","","1.81%"
"2023/04/03","1,984.11","1,970.84","1,990.64","1,949.82","","0.82%"